token,top_100_comment_count,rank_300_500_comment_count,top_100_comments_per_1000,rank_300_500_comments_per_1000,comments_per_1000_diff,rate_ratio,dominant_group
make,57,313,23.47,67.14,-43.67,0.3495,rank_300_500
good,177,193,72.87,41.4,31.47,1.7602,top_100
character,14,158,5.76,33.89,-28.13,0.1701,rank_300_500
like,97,316,39.93,67.78,-27.85,0.5892,rank_300_500
crashes,101,87,41.58,18.66,22.92,2.2282,top_100
crash,106,97,43.64,20.81,22.83,2.0974,top_100
love,47,182,19.35,39.04,-19.69,0.4956,rank_300_500
she,3,96,1.24,20.59,-19.36,0.06,rank_300_500
sanity,1,91,0.41,19.52,-19.11,0.0211,rank_300_500
think,22,127,9.06,27.24,-18.18,0.3325,rank_300_500
shift,41,1,16.88,0.21,16.66,78.6916,top_100
work,175,259,72.05,55.56,16.49,1.2968,top_100
should,27,119,11.12,25.53,-14.41,0.4355,rank_300_500
being,12,87,4.94,18.66,-13.72,0.2647,rank_300_500
show,51,34,21.0,7.29,13.7,2.879,top_100
it's,71,200,29.23,42.9,-13.67,0.6814,rank_300_500
night,5,73,2.06,15.66,-13.6,0.1315,rank_300_500
damage,4,71,1.65,15.23,-13.58,0.1081,rank_300_500
don't,65,187,26.76,40.11,-13.35,0.6671,rank_300_500
know,40,139,16.47,29.82,-13.35,0.5523,rank_300_500
i'm,39,137,16.06,29.39,-13.33,0.5464,rank_300_500
time,50,158,20.58,33.89,-13.31,0.6074,rank_300_500
other,49,156,20.17,33.46,-13.29,0.6029,rank_300_500
something,20,97,8.23,20.81,-12.57,0.3957,rank_300_500
com,50,153,20.58,32.82,-12.23,0.6272,rank_300_500
up,46,145,18.94,31.1,-12.16,0.6089,rank_300_500
stack,41,22,16.88,4.72,12.16,3.5769,top_100
inactive,29,0,11.94,0.0,11.94,,top_100
nice,92,121,37.88,25.95,11.92,1.4593,top_100
characters,5,64,2.06,13.73,-11.67,0.1499,rank_300_500
i'll,2,56,0.82,12.01,-11.19,0.0685,rank_300_500
maybe,22,93,9.06,19.95,-10.89,0.454,rank_300_500
making,19,87,7.82,18.66,-10.84,0.4192,rank_300_500
person,32,11,13.17,2.36,10.81,5.5834,top_100
server,83,110,34.17,23.6,10.58,1.4482,top_100
eyes,0,47,0.0,10.08,-10.08,0.0,rank_300_500
play,24,93,9.88,19.95,-10.07,0.4953,rank_300_500
thanks,73,185,30.05,39.68,-9.63,0.7573,rank_300_500
lua,59,69,24.29,14.8,9.49,1.6411,top_100
that's,10,63,4.12,13.51,-9.4,0.3047,rank_300_500
insane,2,47,0.82,10.08,-9.26,0.0817,rank_300_500
doesn't,74,99,30.47,21.24,9.23,1.4346,top_100
cool,16,73,6.59,15.66,-9.07,0.4207,rank_300_500
hi,10,61,4.12,13.08,-8.97,0.3146,rank_300_500
see,34,107,14.0,22.95,-8.95,0.6099,rank_300_500
someone,9,59,3.71,12.66,-8.95,0.2928,rank_300_500
problem,28,95,11.53,20.38,-8.85,0.5657,rank_300_500
black,3,47,1.24,10.08,-8.85,0.1225,rank_300_500
need,43,123,17.7,26.38,-8.68,0.671,rank_300_500
ok,10,59,4.12,12.66,-8.54,0.3253,rank_300_500
give,6,51,2.47,10.94,-8.47,0.2258,rank_300_500
sure,18,74,7.41,15.87,-8.46,0.4669,rank_300_500
won't,35,28,14.41,6.01,8.4,2.3991,top_100
wand,0,39,0.0,8.37,-8.37,0.0,rank_300_500
marble,1,40,0.41,8.58,-8.17,0.048,rank_300_500
normal,6,49,2.47,10.51,-8.04,0.235,rank_300_500
during,2,41,0.82,8.79,-7.97,0.0936,rank_300_500
want,37,107,15.23,22.95,-7.72,0.6637,rank_300_500
bob,51,62,21.0,13.3,7.7,1.5788,top_100
fun,5,45,2.06,9.65,-7.59,0.2133,rank_300_500
scripts,34,30,14.0,6.44,7.56,2.1752,top_100
wilson,23,9,9.47,1.93,7.54,4.9049,top_100
method,28,19,11.53,4.08,7.45,2.8285,top_100
i've,16,65,6.59,13.94,-7.36,0.4724,rank_300_500
finally,3,40,1.24,8.58,-7.34,0.1439,rank_300_500
gone,2,38,0.82,8.15,-7.33,0.101,rank_300_500
white,0,34,0.0,7.29,-7.29,0.0,rank_300_500
help,21,74,8.65,15.87,-7.23,0.5447,rank_300_500
map,48,59,19.76,12.66,7.11,1.5615,top_100
working,66,94,27.17,20.16,7.01,1.3476,top_100
again,16,63,6.59,13.51,-6.93,0.4874,rank_300_500
put,16,63,6.59,13.51,-6.93,0.4874,rank_300_500
charlie,1,34,0.41,7.29,-6.88,0.0565,rank_300_500
chara,0,32,0.0,6.86,-6.86,0.0,rank_300_500
useful,39,43,16.06,9.22,6.83,1.7408,top_100
click,29,24,11.94,5.15,6.79,2.3192,top_100
hope,19,68,7.82,14.59,-6.76,0.5363,rank_300_500
first,6,43,2.47,9.22,-6.75,0.2678,rank_300_500
attack,5,41,2.06,8.79,-6.74,0.2341,rank_300_500
friend,5,41,2.06,8.79,-6.74,0.2341,rank_300_500
hp,2,35,0.82,7.51,-6.68,0.1097,rank_300_500
cute,0,31,0.0,6.65,-6.65,0.0,rank_300_500
already,10,50,4.12,10.73,-6.61,0.3839,rank_300_500
hey,9,48,3.71,10.3,-6.59,0.3599,rank_300_500
modmain,28,23,11.53,4.93,6.59,2.3365,top_100
caves,30,27,12.35,5.79,6.56,2.1326,top_100
hunger,2,34,0.82,7.29,-6.47,0.1129,rank_300_500
though,13,55,5.35,11.8,-6.45,0.4537,rank_300_500
frisk,0,30,0.0,6.44,-6.44,0.0,rank_300_500
food,20,68,8.23,14.59,-6.35,0.5645,rank_300_500
because,44,114,18.11,24.45,-6.34,0.7408,rank_300_500
start,6,41,2.47,8.79,-6.32,0.2809,rank_300_500
little,5,39,2.06,8.37,-6.31,0.2461,rank_300_500
https,40,106,16.47,22.74,-6.27,0.7243,rank_300_500
kinda,1,31,0.41,6.65,-6.24,0.0619,rank_300_500
attempt,24,17,9.88,3.65,6.23,2.7096,top_100
norm,0,29,0.0,6.22,-6.22,0.0,rank_300_500
straining,0,29,0.0,6.22,-6.22,0.0,rank_300_500
tungsten,0,29,0.0,6.22,-6.22,0.0,rank_300_500
boss,10,48,4.12,10.3,-6.18,0.3999,rank_300_500
idea,8,44,3.29,9.44,-6.14,0.349,rank_300_500
same,32,90,13.17,19.31,-6.13,0.6824,rank_300_500
op,6,40,2.47,8.58,-6.11,0.2879,rank_300_500
slot,2,32,0.82,6.86,-6.04,0.12,rank_300_500
machine,0,28,0.0,6.01,-6.01,0.0,rank_300_500
content,25,20,10.29,4.29,6.0,2.3991,top_100
even,35,95,14.41,20.38,-5.97,0.7071,rank_300_500
issue,22,70,9.06,15.02,-5.96,0.6032,rank_300_500
awesome,8,43,3.29,9.22,-5.93,0.3571,rank_300_500
detailed,18,7,7.41,1.5,5.91,4.9354,top_100
wish,4,35,1.65,7.51,-5.86,0.2193,rank_300_500
use,78,177,32.11,37.97,-5.85,0.8458,rank_300_500
vision,0,27,0.0,5.79,-5.79,0.0,rank_300_500
where,24,73,9.88,15.66,-5.78,0.631,rank_300_500
english,7,40,2.88,8.58,-5.7,0.3359,rank_300_500
tell,6,38,2.47,8.15,-5.68,0.303,rank_300_500
mean,4,34,1.65,7.29,-5.65,0.2258,rank_300_500
log,15,55,6.18,11.8,-5.62,0.5234,rank_300_500
people,14,53,5.76,11.37,-5.6,0.507,rank_300_500
die,1,28,0.41,6.01,-5.59,0.0685,rank_300_500
thank,84,187,34.58,40.11,-5.53,0.8621,rank_300_500
light,6,37,2.47,7.94,-5.47,0.3112,rank_300_500
best,32,36,13.17,7.72,5.45,1.7061,top_100
sort,4,33,1.65,7.08,-5.43,0.2326,rank_300_500
max,3,31,1.24,6.65,-5.41,0.1857,rank_300_500
others,3,31,1.24,6.65,-5.41,0.1857,rank_300_500
back,26,75,10.7,16.09,-5.38,0.6654,rank_300_500
thing,13,50,5.35,10.73,-5.37,0.499,rank_300_500
heal,0,25,0.0,5.36,-5.36,0.0,rank_300_500
spoilage,0,25,0.0,5.36,-5.36,0.0,rank_300_500
txt,0,25,0.0,5.36,-5.36,0.0,rank_300_500
actually,11,46,4.53,9.87,-5.34,0.459,rank_300_500
nil,26,25,10.7,5.36,5.34,1.9961,top_100
add,72,163,29.64,34.96,-5.32,0.8478,rank_300_500
stuff,10,44,4.12,9.44,-5.32,0.4362,rank_300_500
needs,8,40,3.29,8.58,-5.29,0.3839,rank_300_500
mobs,18,10,7.41,2.15,5.27,3.4548,top_100
able,18,59,7.41,12.66,-5.25,0.5856,rank_300_500
link,6,36,2.47,7.72,-5.25,0.3199,rank_300_500
save,19,12,7.82,2.57,5.25,3.0389,top_100
lot,16,55,6.59,11.8,-5.21,0.5583,rank_300_500
translation,3,30,1.24,6.44,-5.2,0.1919,rank_300_500
pls,15,53,6.18,11.37,-5.19,0.5432,rank_300_500
reply,0,24,0.0,5.15,-5.15,0.0,rank_300_500
update,114,195,46.93,41.83,5.11,1.1221,top_100
around,10,43,4.12,9.22,-5.11,0.4464,rank_300_500
makes,19,60,7.82,12.87,-5.05,0.6078,rank_300_500
chest,18,11,7.41,2.36,5.05,3.1407,top_100
never,6,35,2.47,7.51,-5.04,0.329,rank_300_500
found,18,58,7.41,12.44,-5.03,0.5956,rank_300_500
made,46,65,18.94,13.94,5.0,1.3583,top_100
few,4,31,1.65,6.65,-5.0,0.2477,rank_300_500
red,2,27,0.82,5.79,-4.97,0.1422,rank_300_500
winter,2,27,0.82,5.79,-4.97,0.1422,rank_300_500
played,1,25,0.41,5.36,-4.95,0.0768,rank_300_500
sanji,0,23,0.0,4.93,-4.93,0.0,rank_300_500
error,41,56,16.88,12.01,4.87,1.4052,top_100
helpful,16,8,6.59,1.72,4.87,3.8386,top_100
large,16,8,6.59,1.72,4.87,3.8386,top_100
crashing,31,37,12.76,7.94,4.83,1.6081,top_100
much,43,105,17.7,22.52,-4.82,0.786,rank_300_500
pastebin,4,30,1.65,6.44,-4.79,0.2559,rank_300_500
yeah,4,30,1.65,6.44,-4.79,0.2559,rank_300_500
go,16,53,6.59,11.37,-4.78,0.5794,rank_300_500
value,21,18,8.65,3.86,4.78,2.2392,top_100
copy,59,91,24.29,19.52,4.77,1.2444,top_100
http,3,28,1.24,6.01,-4.77,0.2056,rank_300_500
enabled,14,49,5.76,10.51,-4.75,0.5484,rank_300_500
set,13,47,5.35,10.08,-4.73,0.5309,rank_300_500
tradu,0,22,0.0,4.72,-4.72,0.0,rank_300_500
paste,51,76,21.0,16.3,4.69,1.288,top_100
day,10,41,4.12,8.79,-4.68,0.4681,rank_300_500
fixed,22,64,9.06,13.73,-4.67,0.6598,rank_300_500
global,15,7,6.18,1.5,4.67,4.1128,top_100
fn,16,9,6.59,1.93,4.66,3.4121,top_100
over,66,105,27.17,22.52,4.65,1.2064,top_100
author,30,36,12.35,7.72,4.63,1.5994,top_100
used,19,58,7.82,12.44,-4.62,0.6287,rank_300_500
feel,3,27,1.24,5.79,-4.56,0.2133,rank_300_500
may,15,50,6.18,10.73,-4.55,0.5758,rank_300_500
original,23,23,9.47,4.93,4.54,1.9193,top_100
low,1,23,0.41,4.93,-4.52,0.0834,rank_300_500
merci,0,21,0.0,4.5,-4.5,0.0,rank_300_500
sorry,11,42,4.53,9.01,-4.48,0.5027,rank_300_500
spawn,9,38,3.71,8.15,-4.45,0.4546,rank_300_500
field,16,10,6.59,2.15,4.44,3.0709,top_100
change,31,80,12.76,17.16,-4.4,0.7437,rank_300_500
xd,6,32,2.47,6.86,-4.39,0.3599,rank_300_500
lose,1,22,0.41,4.72,-4.31,0.0872,rank_300_500
point,1,22,0.41,4.72,-4.31,0.0872,rank_300_500
summer,0,20,0.0,4.29,-4.29,0.0,rank_300_500
functionality,14,7,5.76,1.5,4.26,3.8386,top_100
fix,83,179,34.17,38.4,-4.23,0.89,rank_300_500
didn't,7,33,2.88,7.08,-4.2,0.4071,rank_300_500
traceback,19,17,7.82,3.65,4.18,2.1451,top_100
going,5,29,2.06,6.22,-4.16,0.3309,rank_300_500
mode,16,50,6.59,10.73,-4.14,0.6142,rank_300_500
playing,16,50,6.59,10.73,-4.14,0.6142,rank_300_500
without,27,71,11.12,15.23,-4.11,0.7299,rank_300_500
amazing,10,38,4.12,8.15,-4.03,0.5051,rank_300_500
great,59,132,24.29,28.31,-4.02,0.8579,rank_300_500
cook,17,14,7.0,3.0,4.0,2.3306,top_100
local,20,20,8.23,4.29,3.94,1.9193,top_100
configuration,4,26,1.65,5.58,-3.93,0.2953,rank_300_500
hard,4,26,1.65,5.58,-3.93,0.2953,rank_300_500
wondering,3,24,1.24,5.15,-3.91,0.2399,rank_300_500
file,14,45,5.76,9.65,-3.89,0.5971,rank_300_500
effect,1,20,0.41,4.29,-3.88,0.096,rank_300_500
saber,1,20,0.41,4.29,-3.88,0.096,rank_300_500
beefalo,14,9,5.76,1.93,3.83,2.9856,top_100
each,9,35,3.71,7.51,-3.8,0.4935,rank_300_500
fire,8,33,3.29,7.08,-3.78,0.4653,rank_300_500
recently,17,15,7.0,3.22,3.78,2.1752,top_100
ask,5,27,2.06,5.79,-3.73,0.3554,rank_300_500
yes,16,48,6.59,10.3,-3.71,0.6398,rank_300_500
nightmare,3,23,1.24,4.93,-3.7,0.2503,rank_300_500
look,27,69,11.12,14.8,-3.68,0.751,rank_300_500
fish,2,21,0.82,4.5,-3.68,0.1828,rank_300_500
wiki,2,21,0.82,4.5,-3.68,0.1828,rank_300_500
find,26,67,10.7,14.37,-3.67,0.7448,rank_300_500
every,14,44,5.76,9.44,-3.67,0.6107,rank_300_500
hello,14,44,5.76,9.44,-3.67,0.6107,rank_300_500
crashed,24,29,9.88,6.22,3.66,1.5884,top_100
anime,1,19,0.41,4.08,-3.66,0.101,rank_300_500
san,1,19,0.41,4.08,-3.66,0.101,rank_300_500
controller,14,10,5.76,2.15,3.62,2.687,top_100
check,8,32,3.29,6.86,-3.57,0.4798,rank_300_500
top,17,16,7.0,3.43,3.57,2.0393,top_100
since,32,78,13.17,16.73,-3.56,0.7874,rank_300_500
off,19,53,7.82,11.37,-3.55,0.6881,rank_300_500
line,18,18,7.41,3.86,3.55,1.9193,top_100
quite,6,28,2.47,6.01,-3.54,0.4113,rank_300_500
slots,6,28,2.47,6.01,-3.54,0.4113,rank_300_500
cannot,19,20,7.82,4.29,3.53,1.8233,top_100
another,17,49,7.0,10.51,-3.51,0.6659,rank_300_500
main,4,24,1.65,5.15,-3.5,0.3199,rank_300_500
armor,3,22,1.24,4.72,-3.48,0.2617,rank_300_500
meat,3,22,1.24,4.72,-3.48,0.2617,rank_300_500
long,23,28,9.47,6.01,3.46,1.5766,top_100
quick,13,9,5.35,1.93,3.42,2.7723,top_100
pick,14,11,5.76,2.36,3.4,2.4428,top_100
lol,8,31,3.29,6.65,-3.36,0.4953,rank_300_500
days,7,29,2.88,6.22,-3.34,0.4633,rank_300_500
done,6,27,2.47,5.79,-3.32,0.4265,rank_300_500
come,5,25,2.06,5.36,-3.3,0.3839,rank_300_500
less,5,25,2.06,5.36,-3.3,0.3839,rank_300_500
might,14,42,5.76,9.01,-3.25,0.6398,rank_300_500
let,13,40,5.35,8.58,-3.23,0.6238,rank_300_500
overall,13,10,5.35,2.15,3.21,2.4951,top_100
say,10,34,4.12,7.29,-3.18,0.5645,rank_300_500
icons,16,16,6.59,3.43,3.16,1.9193,top_100
seeds,5,24,2.06,5.15,-3.09,0.3999,rank_300_500
future,4,22,1.65,4.72,-3.07,0.349,rank_300_500
ice,4,22,1.65,4.72,-3.07,0.349,rank_300_500
weird,4,22,1.65,4.72,-3.07,0.349,rank_300_500
hud,3,20,1.24,4.29,-3.05,0.2879,rank_300_500
enjoy,2,18,0.82,3.86,-3.04,0.2133,rank_300_500
question,2,18,0.82,3.86,-3.04,0.2133,rank_300_500
pretty,14,41,5.76,8.79,-3.03,0.6554,rank_300_500
considering,13,11,5.35,2.36,2.99,2.2683,top_100
press,13,11,5.35,2.36,2.99,2.2683,top_100
anymore,26,36,10.7,7.72,2.98,1.3862,top_100
you're,11,35,4.53,7.51,-2.98,0.6032,rank_300_500
bit,10,33,4.12,7.08,-2.96,0.5816,rank_300_500
health,22,56,9.06,12.01,-2.95,0.754,rank_300_500
however,9,31,3.71,6.65,-2.94,0.5572,rank_300_500
kind,7,27,2.88,5.79,-2.91,0.4976,rank_300_500
changes,5,23,2.06,4.93,-2.88,0.4172,rank_300_500
faster,5,23,2.06,4.93,-2.88,0.4172,rank_300_500
que,5,23,2.06,4.93,-2.88,0.4172,rank_300_500
two,5,23,2.06,4.93,-2.88,0.4172,rank_300_500
everyone,4,21,1.65,4.5,-2.86,0.3656,rank_300_500
wait,4,21,1.65,4.5,-2.86,0.3656,rank_300_500
mod's,14,14,5.76,3.0,2.76,1.9193,top_100
request,14,14,5.76,3.0,2.76,1.9193,top_100
better,10,32,4.12,6.86,-2.75,0.5998,rank_300_500
icon,17,20,7.0,4.29,2.71,1.6314,top_100
least,8,28,3.29,6.01,-2.71,0.5484,rank_300_500
crock,5,22,2.06,4.72,-2.66,0.4362,rank_300_500
id,41,91,16.88,19.52,-2.64,0.8647,rank_300_500
away,4,20,1.65,4.29,-2.64,0.3839,rank_300_500
small,4,20,1.65,4.29,-2.64,0.3839,rank_300_500
klei,15,41,6.18,8.79,-2.62,0.7022,rank_300_500
enough,11,9,4.53,1.93,2.6,2.3458,top_100
respect,11,9,4.53,1.93,2.6,2.3458,top_100
showing,11,9,4.53,1.93,2.6,2.3458,top_100
while,37,59,15.23,12.66,2.58,1.2036,top_100
permission,12,11,4.94,2.36,2.58,2.0938,top_100
size,12,11,4.94,2.36,2.58,2.0938,top_100
drop,11,33,4.53,7.08,-2.55,0.6398,rank_300_500
list,14,15,5.76,3.22,2.55,1.7914,top_100
once,10,31,4.12,6.65,-2.53,0.6191,rank_300_500
experience,15,17,6.18,3.65,2.53,1.6935,top_100
provide,15,17,6.18,3.65,2.53,1.6935,top_100
looks,8,27,3.29,5.79,-2.5,0.5687,rank_300_500
description,17,21,7.0,4.5,2.49,1.5537,top_100
support,18,23,7.41,4.93,2.48,1.5021,top_100
anyway,7,25,2.88,5.36,-2.48,0.5374,rank_300_500
perfect,7,25,2.88,5.36,-2.48,0.5374,rank_300_500
easy,6,23,2.47,4.93,-2.46,0.5007,rank_300_500
fast,5,21,2.06,4.5,-2.45,0.457,rank_300_500
guys,5,21,2.06,4.5,-2.45,0.457,rank_300_500
tho,5,21,2.06,4.5,-2.45,0.457,rank_300_500
happen,4,19,1.65,4.08,-2.43,0.4041,rank_300_500
single,4,19,1.65,4.08,-2.43,0.4041,rank_300_500
bug,90,184,37.05,39.47,-2.42,0.9388,rank_300_500
things,16,42,6.59,9.01,-2.42,0.7312,rank_300_500
below,3,17,1.24,3.65,-2.41,0.3387,rank_300_500
hit,3,17,1.24,3.65,-2.41,0.3387,rank_300_500
ui,3,17,1.24,3.65,-2.41,0.3387,rank_300_500
always,14,38,5.76,8.15,-2.39,0.7071,rank_300_500
community,11,10,4.53,2.15,2.38,2.1112,top_100
inventory,13,36,5.35,7.72,-2.37,0.6931,rank_300_500
cave,13,14,5.35,3.0,2.35,1.7822,top_100
getting,11,32,4.53,6.86,-2.34,0.6598,rank_300_500
causes,14,16,5.76,3.43,2.33,1.6794,top_100
recipe,9,28,3.71,6.01,-2.3,0.6169,rank_300_500
stop,9,28,3.71,6.01,-2.3,0.6169,rank_300_500
whenever,16,20,6.59,4.29,2.3,1.5354,top_100
muito,8,26,3.29,5.58,-2.28,0.5906,rank_300_500
broken,20,28,8.23,6.01,2.23,1.3709,top_100
started,5,20,2.06,4.29,-2.23,0.4798,rank_300_500
keep,16,41,6.59,8.79,-2.21,0.749,rank_300_500
appear,4,18,1.65,3.86,-2.21,0.4265,rank_300_500
through,4,18,1.65,3.86,-2.21,0.4265,rank_300_500
everything,15,39,6.18,8.37,-2.19,0.7382,rank_300_500
inst,11,11,4.53,2.36,2.17,1.9193,top_100
special,11,11,4.53,2.36,2.17,1.9193,top_100
features,12,13,4.94,2.79,2.15,1.7717,top_100
wegame,12,13,4.94,2.79,2.15,1.7717,top_100
welcome,12,13,4.94,2.79,2.15,1.7717,top_100
config,12,33,4.94,7.08,-2.14,0.6979,rank_300_500
down,12,33,4.94,7.08,-2.14,0.6979,rank_300_500
years,15,19,6.18,4.08,2.1,1.5152,top_100
different,9,27,3.71,5.79,-2.09,0.6398,rank_300_500
plz,9,27,3.71,5.79,-2.09,0.6398,rank_300_500
place,16,21,6.59,4.5,2.08,1.4623,top_100
trees,8,25,3.29,5.36,-2.07,0.6142,rank_300_500
understand,8,25,3.29,5.36,-2.07,0.6142,rank_300_500
fine,20,48,8.23,10.3,-2.06,0.7997,rank_300_500
re,7,23,2.88,4.93,-2.05,0.5841,rank_300_500
code,18,44,7.41,9.44,-2.03,0.7852,rank_300_500
either,6,21,2.47,4.5,-2.03,0.5484,rank_300_500
files,6,21,2.47,4.5,-2.03,0.5484,rank_300_500
missing,6,21,2.47,4.5,-2.03,0.5484,rank_300_500
near,6,21,2.47,4.5,-2.03,0.5484,rank_300_500
oh,6,21,2.47,4.5,-2.03,0.5484,rank_300_500
date,5,19,2.06,4.08,-2.02,0.5051,rank_300_500
favorite,5,19,2.06,4.08,-2.02,0.5051,rank_300_500
what's,5,19,2.06,4.08,-2.02,0.5051,rank_300_500
default,17,42,7.0,9.01,-2.01,0.7769,rank_300_500
function,20,29,8.23,6.22,2.01,1.3237,top_100
monster,4,17,1.65,3.65,-2.0,0.4516,rank_300_500
thought,4,17,1.65,3.65,-2.0,0.4516,rank_300_500
turn,15,38,6.18,8.15,-1.98,0.7576,rank_300_500
auto,10,10,4.12,2.15,1.97,1.9193,top_100
nothing,13,34,5.35,7.29,-1.94,0.7339,rank_300_500
remove,15,20,6.18,4.29,1.89,1.4395,top_100
button,16,22,6.59,4.72,1.87,1.3959,top_100
client,20,47,8.23,10.08,-1.85,0.8167,rank_300_500
run,8,24,3.29,5.15,-1.85,0.6398,rank_300_500
disabled,7,22,2.88,4.72,-1.84,0.6107,rank_300_500
ty,7,22,2.88,4.72,-1.84,0.6107,rank_300_500
bugs,6,20,2.47,4.29,-1.82,0.5758,rank_300_500
comment,6,20,2.47,4.29,-1.82,0.5758,rank_300_500
removed,6,20,2.47,4.29,-1.82,0.5758,rank_300_500
dark,5,18,2.06,3.86,-1.8,0.5331,rank_300_500
similar,5,18,2.06,3.86,-1.8,0.5331,rank_300_500
bro,4,16,1.65,3.43,-1.79,0.4798,rank_300_500
chester,4,16,1.65,3.43,-1.79,0.4798,rank_300_500
range,4,16,1.65,3.43,-1.79,0.4798,rank_300_500
speed,4,16,1.65,3.43,-1.79,0.4798,rank_300_500
dedicated,10,11,4.12,2.36,1.76,1.7448,top_100
needed,10,11,4.12,2.36,1.76,1.7448,top_100
items,27,60,11.12,12.87,-1.75,0.8637,rank_300_500
configure,11,13,4.53,2.79,1.74,1.624,top_100
running,11,13,4.53,2.79,1.74,1.624,top_100
bad,10,27,4.12,5.79,-1.67,0.7109,rank_300_500
chance,9,25,3.71,5.36,-1.66,0.691,rank_300_500
build,8,23,3.29,4.93,-1.64,0.6676,rank_300_500
many,20,46,8.23,9.87,-1.63,0.8345,rank_300_500
download,18,27,7.41,5.79,1.62,1.2795,top_100
man,7,21,2.88,4.5,-1.62,0.6398,rank_300_500
us,7,21,2.88,4.5,-1.62,0.6398,rank_300_500
feature,6,19,2.47,4.08,-1.61,0.6061,rank_300_500
torch,5,17,2.06,3.65,-1.59,0.5645,rank_300_500
wow,5,17,2.06,3.65,-1.59,0.5645,rank_300_500
world,42,88,17.29,18.88,-1.58,0.916,rank_300_500
ever,15,36,6.18,7.72,-1.55,0.7997,rank_300_500
settings,14,34,5.76,7.29,-1.53,0.7903,rank_300_500
call,11,14,4.53,3.0,1.53,1.508,top_100
move,11,14,4.53,3.0,1.53,1.508,top_100
join,12,16,4.94,3.43,1.51,1.4395,top_100
enable,13,18,5.35,3.86,1.49,1.3862,top_100
trying,11,28,4.53,6.01,-1.48,0.754,rank_300_500
big,10,26,4.12,5.58,-1.46,0.7382,rank_300_500
far,10,26,4.12,5.58,-1.46,0.7382,rank_300_500
version,53,95,21.82,20.38,1.44,1.0708,top_100
conflict,7,20,2.88,4.29,-1.41,0.6718,rank_300_500
sound,7,20,2.88,4.29,-1.41,0.6718,rank_300_500
under,7,20,2.88,4.29,-1.41,0.6718,rank_300_500
item,19,43,7.82,9.22,-1.4,0.8481,rank_300_500
own,19,43,7.82,9.22,-1.4,0.8481,rank_300_500
cause,19,30,7.82,6.44,1.39,1.2156,top_100
appreciate,6,18,2.47,3.86,-1.39,0.6398,rank_300_500
couldn't,6,18,2.47,3.86,-1.39,0.6398,rank_300_500
read,6,18,2.47,3.86,-1.39,0.6398,rank_300_500
aren't,5,16,2.06,3.43,-1.37,0.5998,rank_300_500
dead,5,16,2.06,3.43,-1.37,0.5998,rank_300_500
super,5,16,2.06,3.43,-1.37,0.5998,rank_300_500
unfortunately,5,16,2.06,3.43,-1.37,0.5998,rank_300_500
available,9,11,3.71,2.36,1.35,1.5703,top_100
simple,10,13,4.12,2.79,1.33,1.4764,top_100
added,23,38,9.47,8.15,1.32,1.1617,top_100
happens,12,17,4.94,3.65,1.29,1.3548,top_100
options,11,27,4.53,5.79,-1.26,0.7819,rank_300_500
de,10,25,4.12,5.36,-1.25,0.7677,rank_300_500
gets,10,25,4.12,5.36,-1.25,0.7677,rank_300_500
players,10,25,4.12,5.36,-1.25,0.7677,rank_300_500
i'd,9,23,3.71,4.93,-1.23,0.751,rank_300_500
setting,9,23,3.71,4.93,-1.23,0.751,rank_300_500
name,16,25,6.59,5.36,1.22,1.2284,top_100
example,8,21,3.29,4.5,-1.21,0.7312,rank_300_500
shadow,8,21,3.29,4.5,-1.21,0.7312,rank_300_500
currently,7,19,2.88,4.08,-1.19,0.7071,rank_300_500
between,6,17,2.47,3.65,-1.18,0.6774,rank_300_500
open,20,33,8.23,7.08,1.16,1.1632,top_100
properly,5,15,2.06,3.22,-1.16,0.6398,rank_300_500
tried,16,36,6.59,7.72,-1.13,0.853,rank_300_500
reset,9,12,3.71,2.57,1.13,1.4395,top_100
self,9,12,3.71,2.57,1.13,1.4395,top_100
came,10,14,4.12,3.0,1.11,1.3709,top_100
prefab,10,14,4.12,3.0,1.11,1.3709,top_100
box,11,16,4.53,3.43,1.1,1.3195,top_100
next,11,16,4.53,3.43,1.1,1.3195,top_100
can't,50,101,20.58,21.66,-1.08,0.9502,rank_300_500
extra,12,18,4.94,3.86,1.08,1.2795,top_100
minimap,13,20,5.35,4.29,1.06,1.2476,top_100
steamcommunity,36,74,14.82,15.87,-1.05,0.9337,rank_300_500
full,11,26,4.53,5.58,-1.05,0.812,rank_300_500
ds,10,24,4.12,5.15,-1.03,0.7997,rank_300_500
soon,10,24,4.12,5.15,-1.03,0.7997,rank_300_500
crafting,8,20,3.29,4.29,-1.0,0.7677,rank_300_500
skill,8,20,3.29,4.29,-1.0,0.7677,rank_300_500
pot,17,28,7.0,6.01,0.99,1.1653,top_100
possible,30,53,12.35,11.37,0.98,1.0864,top_100
job,7,18,2.88,3.86,-0.98,0.7464,rank_300_500
said,7,18,2.88,3.86,-0.98,0.7464,rank_300_500
annoying,6,16,2.47,3.43,-0.96,0.7197,rank_300_500
tab,6,16,2.47,3.43,-0.96,0.7197,rank_300_500
wont,6,16,2.47,3.43,-0.96,0.7197,rank_300_500
new,58,107,23.88,22.95,0.93,1.0404,top_100
free,9,13,3.71,2.79,0.92,1.3288,top_100
report,9,13,3.71,2.79,0.92,1.3288,top_100
end,22,38,9.06,8.15,0.91,1.1112,top_100
agree,10,15,4.12,3.22,0.9,1.2795,top_100
believe,10,15,4.12,3.22,0.9,1.2795,top_100
guess,10,15,4.12,3.22,0.9,1.2795,top_100
worked,10,15,4.12,3.22,0.9,1.2795,top_100
left,11,17,4.53,3.65,0.88,1.2419,top_100
base,13,29,5.35,6.22,-0.87,0.8604,rank_300_500
island,12,19,4.94,4.08,0.86,1.2122,top_100
string,12,19,4.94,4.08,0.86,1.2122,top_100
chinese,12,27,4.94,5.79,-0.85,0.853,rank_300_500
issues,12,27,4.94,5.79,-0.85,0.853,rank_300_500
probably,12,27,4.94,5.79,-0.85,0.853,rank_300_500
there's,13,21,5.35,4.5,0.85,1.1881,top_100
last,26,46,10.7,9.87,0.84,1.0848,top_100
creator,11,25,4.53,5.36,-0.83,0.8445,rank_300_500
until,17,29,7.0,6.22,0.78,1.1251,top_100
option,30,54,12.35,11.58,0.77,1.0663,top_100
edit,7,17,2.88,3.65,-0.76,0.7903,rank_300_500
times,6,15,2.47,3.22,-0.75,0.7677,rank_300_500
reason,18,38,7.41,8.15,-0.74,0.9091,rank_300_500
number,8,12,3.29,2.57,0.72,1.2795,top_100
type,8,12,3.29,2.57,0.72,1.2795,top_100
credit,9,14,3.71,3.0,0.7,1.2338,top_100
screen,15,32,6.18,6.86,-0.69,0.8997,rank_300_500
old,10,16,4.12,3.43,0.68,1.1996,top_100
seems,25,51,10.29,10.94,-0.65,0.9408,rank_300_500
sometimes,12,20,4.94,4.29,0.65,1.1516,top_100
updates,12,20,4.94,4.29,0.65,1.1516,top_100
create,13,22,5.35,4.72,0.63,1.1341,top_100
filedetails,36,72,14.82,15.44,-0.62,0.9597,rank_300_500
try,36,72,14.82,15.44,-0.62,0.9597,rank_300_500
right,22,45,9.06,9.65,-0.6,0.9383,rank_300_500
updating,10,22,4.12,4.72,-0.6,0.8724,rank_300_500
folder,9,20,3.71,4.29,-0.58,0.8637,rank_300_500
says,9,20,3.71,4.29,-0.58,0.8637,rank_300_500
wrong,9,20,3.71,4.29,-0.58,0.8637,rank_300_500
anyone,20,41,8.23,8.79,-0.56,0.9362,rank_300_500
beta,7,16,2.88,3.43,-0.55,0.8397,rank_300_500
crockpot,6,14,2.47,3.0,-0.53,0.8226,rank_300_500
ctrl,6,14,2.47,3.0,-0.53,0.8226,rank_300_500
exactly,6,14,2.47,3.0,-0.53,0.8226,rank_300_500
system,6,14,2.47,3.0,-0.53,0.8226,rank_300_500
case,8,13,3.29,2.79,0.51,1.1811,top_100
current,8,13,3.29,2.79,0.51,1.1811,top_100
shows,8,13,3.29,2.79,0.51,1.1811,top_100
anything,16,33,6.59,7.08,-0.49,0.9306,rank_300_500
close,9,15,3.71,3.22,0.49,1.1516,top_100
host,9,15,3.71,3.22,0.49,1.1516,top_100
test,9,15,3.71,3.22,0.49,1.1516,top_100
take,60,113,24.7,24.24,0.46,1.0191,top_100
must,11,19,4.53,4.08,0.45,1.1112,top_100
player,24,44,9.88,9.44,0.44,1.0469,top_100
lag,13,27,5.35,5.79,-0.44,0.9241,rank_300_500
menu,12,25,4.94,5.36,-0.42,0.9213,rank_300_500
tree,12,25,4.94,5.36,-0.42,0.9213,rank_300_500
sharedfiles,36,71,14.82,15.23,-0.41,0.9732,rank_300_500
both,14,25,5.76,5.36,0.4,1.0748,top_100
friends,10,21,4.12,4.5,-0.39,0.914,rank_300_500
looking,9,19,3.71,4.08,-0.37,0.9091,rank_300_500
instead,21,42,8.65,9.01,-0.36,0.9597,rank_300_500
ability,7,15,2.88,3.22,-0.34,0.8957,rank_300_500
gives,7,15,2.88,3.22,-0.34,0.8957,rank_300_500
problems,7,15,2.88,3.22,-0.34,0.8957,rank_300_500
tested,7,15,2.88,3.22,-0.34,0.8957,rank_300_500
using,43,81,17.7,17.37,0.33,1.0189,top_100
updated,31,61,12.76,13.08,-0.32,0.9754,rank_300_500
disable,19,35,7.82,7.51,0.31,1.0419,top_100
else,17,34,7.0,7.29,-0.29,0.9597,rank_300_500
god,8,14,3.29,3.0,0.29,1.0967,top_100
itself,9,16,3.71,3.43,0.27,1.0796,top_100
latest,9,16,3.71,3.43,0.27,1.0796,top_100
isn't,11,20,4.53,4.29,0.24,1.0556,top_100
message,12,22,4.94,4.72,0.22,1.0469,top_100
seem,12,22,4.94,4.72,0.22,1.0469,top_100
bom,13,24,5.35,5.15,0.2,1.0396,top_100
craft,13,24,5.35,5.15,0.2,1.0396,top_100
works,65,124,26.76,26.6,0.16,1.0061,top_100
etc,9,18,3.71,3.86,-0.16,0.9597,rank_300_500
haven't,9,18,3.71,3.86,-0.16,0.9597,rank_300_500
means,9,18,3.71,3.86,-0.16,0.9597,rank_300_500
myself,8,16,3.29,3.43,-0.14,0.9597,rank_300_500
ones,8,16,3.29,3.43,-0.14,0.9597,rank_300_500
return,8,16,3.29,3.43,-0.14,0.9597,rank_300_500
side,7,14,2.88,3.0,-0.12,0.9597,rank_300_500
compatible,19,37,7.82,7.94,-0.11,0.9856,rank_300_500
api,7,13,2.88,2.79,0.09,1.0335,top_100
core,7,13,2.88,2.79,0.09,1.0335,top_100
patch,7,13,2.88,2.79,0.09,1.0335,top_100
longer,17,33,7.0,7.08,-0.08,0.9887,rank_300_500
noticed,8,15,3.29,3.22,0.08,1.0236,top_100
vanilla,8,15,3.29,3.22,0.08,1.0236,top_100
due,9,17,3.71,3.65,0.06,1.0161,top_100
true,10,19,4.12,4.08,0.04,1.0102,top_100
adding,11,21,4.53,4.5,0.02,1.0054,top_100
thx,11,21,4.53,4.5,0.02,1.0054,top_100
components,12,23,4.94,4.93,0.01,1.0014,top_100
yet,12,23,4.94,4.93,0.01,1.0014,top_100
