subscription_rank,rank_group,mod_id,title,subscriptions
1,top_100,376333686,Combined Status,9555082
2,top_100,378160973,Global Positions,7909822
3,top_100,345692228,Minimap HUD,7799922
4,top_100,351325790,Geometric Placement,6931917
5,top_100,727774324,"Craft Pot [DS, ROG, SW, DST]",4871038
6,top_100,1207269058,Simple Health Bar DST,4682123
7,top_100,375859599,Health Info,4570123
8,top_100,375850593,Extra Equip Slots,3732728
9,top_100,347079953,Display Food Values,3443193
10,top_100,362175979,Wormhole Marks [DST],3301818
11,top_100,1185229307,Epic Healthbar,3159260
12,top_100,666155465,Show Me (Origin),3003230
13,top_100,367546858,Chinese Language Pack,2670409
14,top_100,374550642,Increased Stack size,2655002
15,top_100,661253977,Don't Drop Everything,2540681
16,top_100,2287303119,Show Me(中文),2361830
17,top_100,352373173,Gesture Wheel,2332396
18,top_100,501385076,Quick Pick,2323735
19,top_100,1240565842,Russification Pack for DST,2195613
20,top_100,365119238,Smarter Crock Pot,2082121
21,top_100,2078243581,Display Attack Range,2036509
22,top_100,1120124958,Boss Indicators,1951877
23,top_100,836583293,Item Info,1917145
24,top_100,1608191708,ActionQueue Reborn,1806817
25,top_100,458587300,Fast Travel,1534746
26,top_100,569043634,Campfire Respawn,1528836
27,top_100,466732225,No Thermal Stone Durability,1499611
28,top_100,1595631294,Smart Minisign,1480779
29,top_100,786556008,45 Inventory Slots,1456509
30,top_100,1271089343,Your Skeleton Respawn,1342215
31,top_100,1365141672,[TMIP]Too Many Items Plus,1305957
32,top_100,1378549454,[API] Gem Core,1230359
33,top_100,623749604,[DST] Storeroom,1198385
34,top_100,2189004162,Insight (Show Me+),1188788
35,top_100,1699194522,Myth Characters-神话人物,1162733
36,top_100,1079538195,Moving Box,1155822
37,top_100,2302837868,Snapping tills,1147464
38,top_100,1991746508,Myth Words Theme-神话书说,1099928
39,top_100,356930882,Infinite Tent Uses,1009514
40,top_100,1530801499,Fast Travel (GUI),960918
41,top_100,572538624,Chinese Plus,938428
42,top_100,462434129,Restart,930288
43,top_100,1898292532,[Tips]Show attack time for hounds and bosses,851482
44,top_100,358749986,Extended Indicators WIP,840116
45,top_100,780009141,Finder,831617
46,top_100,2438350724,🌍组合状态[最新/中文]-Combined Status,825565
47,top_100,2119742489,木牌传送 (GUI),803000
48,top_100,382177939,DST Storm Cellar,800640
49,top_100,462372013,Always fresh,793740
50,top_100,458940297,Food Values - Item Tooltips (Server and Client),789193
51,top_100,1392778117,[DST] Legion,724382
52,top_100,2753774601,复活按钮和传送按钮,714930
53,top_100,1951468597,Sweet House,710731
54,top_100,347360448,DST Where's My Beefalo?,692003
55,top_100,609051112,Action Queue(DST),675806
56,top_100,1998081438,掉落堆叠(Drop & Stack),665896
57,top_100,354836336,Russian Language Pack [Outdated],661950
58,top_100,758532836,Global Pause,658719
59,top_100,2525856394,Burning Timer,634820
60,top_100,2325441848,ActionQueue RB2 (RWYS supported),629646
61,top_100,380423963,Mineable Gems,625160
62,top_100,604761020,Multi Rocks,624461
63,top_100,1157975551,Extended Map Icons,599766
64,top_100,363112314,Map Revealer for DST,593293
65,top_100,2391246365,[한글] 굶지마 다함께 한글화 [클라이언트],580835
66,top_100,1467214795,Island Adventures - Shipwrecked,576572
67,top_100,396026892,Large Chest,572357
68,top_100,3018652965,ActionQueue RB3 CN,565132
69,top_100,956206484,Show Nicknames (Client),538662
70,top_100,447092740,More Actions,526958
71,top_100,1216718131,Antistun,520299
72,top_100,1418746242,Chinese++,506127
73,top_100,2657513551,Don't Starve Alone,484598
74,top_100,3115280970,滤镜RR,480916
75,top_100,1909182187,能力勋章 Functional Medal,479714
76,top_100,728459184,Increase Storage,478753
77,top_100,2798599672,Extra Equip Slots+3,476109
78,top_100,791838548,The Engineer,471943
79,top_100,1898181913,冰箱保鲜，反鲜,453265
80,top_100,2391292843,[한글모드] 굶지마 다함께 한글화 [서버],448516
81,top_100,831523966,999 Stack Size,442379
82,top_100,2823530744,Extra Equip Slot Plus +,425215
83,top_100,816057392,Force Download: Combined Status,423907
84,top_100,2771698903,复活重生(中文版),423862
85,top_100,1505270912,Tropical Experience | SW HAM Biomes : From Beyond,420964
86,top_100,548587862,Minimap HUD,401561
87,top_100,785295023,Super Wall DST,396019
88,top_100,343753877,Status Announcements,394822
89,top_100,551338671,[DST]Too Many Items,393878
90,top_100,1226663453,Small Map,393328
91,top_100,444235588,Deluxe Campfires 2.14 (Hamlet compatible),392841
92,top_100,488009136,Archery Mod [DST Version],390708
93,top_100,463740026,Personal Chesters,390296
94,top_100,356494979,Traducción al Español de Don't Starve Together,389995
95,top_100,676297854,Fire resurrection,389174
96,top_100,3007715893,更多物品堆叠/More Items Stack,381371
97,top_100,566155039,Saitama(One Punch Man),378694
98,top_100,499547543,Tradução Português (BR),376502
99,top_100,2785634357,Status Announce,372709
100,top_100,478005098,Craftable Gears,366359
101,rank_101_299,460972875,我回来了!等我更新,365644
102,rank_101_299,439115156,[DST] Musha,361563
103,rank_101_299,2477889104,Beefalo Status Bar,360511
104,rank_101_299,356435289,DST Fish Farm,360366
105,rank_101_299,1781410139,Zoom+,357422
106,rank_101_299,1803285852,Auto Stack and Pick Up,356739
107,rank_101_299,3044756151,防卡两招_新,354672
108,rank_101_299,2763963752,Too Many Items Increased,354143
109,rank_101_299,856487758,Quick Drop,349225
110,rank_101_299,2555936751,FarmCalc,348168
111,rank_101_299,1579421388,Observer Camera,347643
112,rank_101_299,2321974509,[BUG] Automatic chest sorting,347614
113,rank_101_299,2784048339,Storeroom (New),323906
114,rank_101_299,353697884,Craftable Gears For DST,322641
115,rank_101_299,3138571948,Global Positions (CompleteSync),319328
116,rank_101_299,397794075,Russian Transliteration (Server Side),317201
117,rank_101_299,2505341606,防卡两招_改(Antistun_changed),314539
118,rank_101_299,370373189,DST Advanced Farming,314411
119,rank_101_299,1289779251,Cherry Forest,312989
120,rank_101_299,409184357,Zoro,312406
121,rank_101_299,2928810007,建家党狂喜(more items),312186
122,rank_101_299,714735102,Waypoint,309430
123,rank_101_299,668708075,[T] Map Plugins(DST),308265
124,rank_101_299,1166220990,Nanachi,306765
125,rank_101_299,2898654623,黑化列队行为学,305253
126,rank_101_299,2427481232,Bug tracker (deprecated),299185
127,rank_101_299,1892210190,[Arknights]Amiya,292397
128,rank_101_299,2849308125,Auto Walking,289294
129,rank_101_299,694531911,Aerial View,288403
130,rank_101_299,1834274509,Russian Font,279903
131,rank_101_299,2795130977,Abigail Pro Max T PlusCup    -- 更好的阿比盖尔,277523
132,rank_101_299,2873533916,ActionQueue RB3,277390
133,rank_101_299,397794465,Russian Transliteration (Client Side),276998
134,rank_101_299,2039181790,Uncompromising Mode,276319
135,rank_101_299,676503184,Deadpool,275725
136,rank_101_299,2384660166,EditedAnims,272043
137,rank_101_299,1098843500,Cliente Traducción en español neutro,271036
138,rank_101_299,873350047,Quick Drop - Client Version,265476
139,rank_101_299,821143467,Wormhole icons,264872
140,rank_101_299,2391197502,[한글모드] 굶지마 다함께 한글꼴,262183
141,rank_101_299,360722606,Detailed tooltips,261633
142,rank_101_299,1651623054,Simple Health Bar DST (Old),258076
143,rank_101_299,463292274,MapRevealer全图地图全亮,254145
144,rank_101_299,810443397,A Big Bag 大背包 1.5,251237
145,rank_101_299,388109833,Fire Fist Ace,250085
146,rank_101_299,2896126381,Too Many Items Revisited,249570
147,rank_101_299,361994110,Bee Nice,249312
148,rank_101_299,699175387,Sort Tool,248039
149,rank_101_299,2928652892,Base Projection (基地投影),247939
150,rank_101_299,379628839,The Medic,246959
151,rank_101_299,2420839895,Rope Bridge,246946
152,rank_101_299,767776640,Repair Combine,246813
153,rank_101_299,2510473186,Boss Attack Predictor,246644
154,rank_101_299,1296663404,Pack Box,240860
155,rank_101_299,1653324376,Skins extender,240740
156,rank_101_299,380079744,Luffy,235036
157,rank_101_299,3383078008,Simple Storage,233949
158,rank_101_299,3235319974,<登仙>（返虚境已更新）,233151
159,rank_101_299,356398534,DST PickyPickyPicky,231330
160,rank_101_299,1200745268,Quick Work,229604
161,rank_101_299,1108032281,[DST] WhaRang,221934
162,rank_101_299,462469447,Map Discovery Sharing,216843
163,rank_101_299,804549021,Ice Fling Range Check [DST CLIENT],216564
164,rank_101_299,346968521,DST In Wilson's House,215832
165,rank_101_299,949808360,Carney,215485
166,rank_101_299,2979177306,[DST]海洋传说-Legend and sea,213405
167,rank_101_299,1301033176,Chinese Language Pack for Server,212459
168,rank_101_299,508348231,Korean Chat,212249
169,rank_101_299,913454779,5x5 box & icebox,211626
170,rank_101_299,2049203096,item info - Shang hanhua,211289
171,rank_101_299,1298780476,Nightmare phase indicator,211048
172,rank_101_299,651419070,Auto Actions - Full client mod,204183
173,rank_101_299,2358978811,Gawr Gura,202893
174,rank_101_299,1852257480,Beefalo Widget,202459
175,rank_101_299,881455419,"Too Many Items Fix (really old, don't use)",201738
176,rank_101_299,875994715,Lazy Furnace,199946
177,rank_101_299,1984386976,Korean Client + Fixed Crash with other Mods,199670
178,rank_101_299,907007729,Deluxe Cooking Pot,198932
179,rank_101_299,2779367730,地图全开,198416
180,rank_101_299,822508420,Snow Tile Disabler,197810
181,rank_101_299,382501575,[DST] Crash Bandicoot 3.0.0,196911
182,rank_101_299,3343140219,建筑几何学中文汉化Geometric Placement,195789
183,rank_101_299,2784715091,Status Announcements (NoMu),195440
184,rank_101_299,1818688368,Extra Equip Slots (Updated),194467
185,rank_101_299,543945797,Damage Indicators Together,193745
186,rank_101_299,684098549,Remilia Scarlet,191551
187,rank_101_299,357875628,Wall Gates [DST],191450
188,rank_101_299,2208128427,Loot Pump,190594
189,rank_101_299,721491336,IJN DD - Hibiki,189283
190,rank_101_299,678340265,Chinese Font,189116
191,rank_101_299,622471256,Playable Pets,188477
192,rank_101_299,2571443104,Celestial HUD,187880
193,rank_101_299,1295277999,Wormhole Icons [Fixed],187356
194,rank_101_299,2812783478,[API] Modded Skins,184577
195,rank_101_299,818739975,Adshovel,184413
196,rank_101_299,3435352667,Island Adventures - Core,184305
197,rank_101_299,1290774114,Admin Scoreboard+,184064
198,rank_101_299,3353852416,Fast Travel(skined home sign),179815
199,rank_101_299,885290954,Spanish Language Server Side,179124
200,rank_101_299,2831613121,Wormhole Icons (Fixed as of Sept 2023),178487
201,rank_101_299,1275167632,MyPet,178270
202,rank_101_299,3161117403,Wings Saga-Spring,177190
203,rank_101_299,2901979304,Geometric Placement[All Clients],176141
204,rank_101_299,2893991859,[DST] CookDiary,175969
205,rank_101_299,3050607025,Lag Remover,175665
206,rank_101_299,2571294157,Ganyu,175408
207,rank_101_299,1583765151,[Gorge] Victorian HUD,172844
208,rank_101_299,2543193992,身在福中不知福,171406
209,rank_101_299,380122571,Death [DST],171303
210,rank_101_299,3161119380,Wings Saga-Summer,171138
211,rank_101_299,3161120380,Wings Saga-Autumn,170587
212,rank_101_299,833060148,Shiro | No Game No Life,169879
213,rank_101_299,2846800768,更好的快捷操作栏(Fast Equipment),169869
214,rank_101_299,714379083,Rin Kaenbyou | Touhou Project,169559
215,rank_101_299,2056032273,Super Moggles,169179
216,rank_101_299,1948438176,En Español 2020,169061
217,rank_101_299,2713019887,Simple Health Bar DST,168496
218,rank_101_299,2074508776,Auto Door,168102
219,rank_101_299,944738665,Traducción para servidor en español neutro,167808
220,rank_101_299,697356989,Shipwrecked Characters,167700
221,rank_101_299,1364606782,Hollow Knight,166057
222,rank_101_299,682849998,한글 입력기 v2.0.5,165191
223,rank_101_299,2281925291,Finder Redux,164723
224,rank_101_299,2952059327,自动堆叠,164564
225,rank_101_299,1839858501,Large boats,163793
226,rank_101_299,2578151314,Element Reaction(元素反应),162206
227,rank_101_299,2373346252,五格装备栏（幽冥汉化版）,159911
228,rank_101_299,537902048,[DST]-Scythes,158687
229,rank_101_299,1628298090,G10MM-3R,157526
230,rank_101_299,1540284567,More Stack size,156670
231,rank_101_299,359479220,Sollyz Character [DST],156160
232,rank_101_299,2464402864,Klee,155528
233,rank_101_299,2902364746,Global Positions -Remapped,155360
234,rank_101_299,1139925855,DST Türkçe Yama Full,154377
235,rank_101_299,1349799880,Basements,154239
236,rank_101_299,3034588489,Geometric layout zh,154092
237,rank_101_299,2751937554,Hanization Uncompromising Mode,153189
238,rank_101_299,599498678,Tools Are Fuels,152721
239,rank_101_299,1876137475,Stat Change Display,151510
240,rank_101_299,350811795,Soulmates,150753
241,rank_101_299,2484725102,Upgradeable Chest,150350
242,rank_101_299,459280938,[OUTDATED] Complete Your Map,150044
243,rank_101_299,1231473531,Remove Insanity Vision,150030
244,rank_101_299,2964299587,伤害显示(Show Damage),149982
245,rank_101_299,1367276577,Pickle's First Person Mod,149909
246,rank_101_299,457071756,Health Regeneration,149777
247,rank_101_299,2941989744,时崎狂三Tokisaki Kurumi1.34,149459
248,rank_101_299,1872057467,Smart Crock Pot [+Portable!],147691
249,rank_101_299,2640834455,伊蕾娜,147437
250,rank_101_299,458365884,Xenomorph,147309
251,rank_101_299,1645013096,[yuyuyui] SONOKO NOGI [乃木园子],147211
252,rank_101_299,2845021470,Raiden Shogun(雷电将军),146868
253,rank_101_299,1405120786,Slots Tweak & UI optimizer,146747
254,rank_101_299,624883463,Stackable Equipments (OUTDATED),145153
255,rank_101_299,648064643,Work Faster,145011
256,rank_101_299,764204839,Automatic Health Adjust,143738
257,rank_101_299,625415718,Refresh Food - Ice Box,143684
258,rank_101_299,936127063,Saber (All-In-One) (Fate Series),143446
259,rank_101_299,763014862,Polish WIKI - Language Pack,142862
260,rank_101_299,1153998909,More Armor,142589
261,rank_101_299,797304209,no grassgekko 禁用草蜥蜴,142262
262,rank_101_299,2328604820,Scythe,141519
263,rank_101_299,804413673,MaxView(大视野),141134
264,rank_101_299,2371484058,IceBox Refresh Food unlimited Day,139967
265,rank_101_299,352499675,DST Resurrection Shelter,139752
266,rank_101_299,2032685784,Extra Equip Slots,139053
267,rank_101_299,3382938080,Wings Saga-Winter,138991
268,rank_101_299,407977022,Chester Family,138843
269,rank_101_299,2846271782,🌍【中文】姿态轮盘-Gesture Wheel,138624
270,rank_101_299,2528036914,Global Positions - Sinicized Settings,138120
271,rank_101_299,631648169,JiShaGongGao - DIYb [DST]怪物击杀公告 Boss出现公告,137041
272,rank_101_299,3407249185,Smarter Craft Pot R(Server),135718
273,rank_101_299,2904741144,Spussi Cat Replacer for Spiders,134816
274,rank_101_299,632082897,Global Player Icons,134367
275,rank_101_299,2485714729,Color Adjustments[Client],134217
276,rank_101_299,1581892848,Auto-Unequip on 1%,133948
277,rank_101_299,498383066,Annie(League of Legends),133787
278,rank_101_299,3173431824,Extra Equip Slot Plus +1/2/3,133439
279,rank_101_299,807516498,Thai Language ( ภาษาไทย ),133065
280,rank_101_299,804317397,Syelza,132531
281,rank_101_299,1582457351,Backpack slot,132248
282,rank_101_299,1173770304,Yae Sakura,132241
283,rank_101_299,2966979495,Item Scroller,132181
284,rank_101_299,2323630362,Happy Farm,132161
285,rank_101_299,2675609101,Terraprisma,131832
286,rank_101_299,3075429483,45 Inventory Slots [Fixed + EquipSlot UI expand] 整合版,131583
287,rank_101_299,551324730,Realistic Placement,131225
288,rank_101_299,2589174774,Rui Ta(芮塔),130770
289,rank_101_299,2033458869,Auto Cooking,130708
290,rank_101_299,436654027,Beefalo Milk,130605
291,rank_101_299,364491382,Faroz Character [DST],129536
292,rank_101_299,1938752683,ReForged,128870
293,rank_101_299,3033933065,[FIX] Display Attack Range (Abandoned),128326
294,rank_101_299,2329943377,The Lunar HUD,127266
295,rank_101_299,461627386,Madoka Kaname(Puella Magi Madoka Magica),126650
296,rank_101_299,2640633154,Sea2land Fork,126589
297,rank_101_299,387716835,Aquarium [Outdated],126402
298,rank_101_299,618785273,"Womp, The Abyssal",125566
299,rank_101_299,371920345,[DST]Auto Catch,125543
300,rank_300_500,2720251768,脚印追踪器,124577
301,rank_300_500,2796122895,Show Oceanfish,124552
302,rank_300_500,354415247,Throwable Spears [broken],124535
303,rank_300_500,3320235585,[Honkai: Star Rail]Firefly,124048
304,rank_300_500,378962221,More Inventory [DISCONTINUED],123785
305,rank_300_500,589167205,The Spy,123334
306,rank_300_500,684041335,Marisa Kirisame,123248
307,rank_300_500,2324689937,More equip slots,123200
308,rank_300_500,2805318787,无视服务器MOD过期,121327
309,rank_300_500,2968712975,Repairable and Combinable Equipment,120608
310,rank_300_500,625582678,Japanese Language Pack,120575
311,rank_300_500,3223103565,自动整理箱子/Auto Chest Sorting [Updated],119853
312,rank_300_500,404983266,Pickle It,119393
313,rank_300_500,2532301630,Chinese++ (优化版),119382
314,rank_300_500,1888070399,Combined Status PTBR,119125
315,rank_300_500,2951068194,【已废弃】复活按钮和传送按钮的复制品,118453
316,rank_300_500,2981762440,【明日方舟】归溟幽灵鲨,118298
317,rank_300_500,3342856488,"姐姐救救我(Sister, save me",118228
318,rank_300_500,1688661034,Drops Reset Countdown,117427
319,rank_300_500,787954095,Magic Bottle Lanterns (DST),117282
320,rank_300_500,346962876,DST Freezer,116836
321,rank_300_500,703758203,Reisen Udongein Inaba | Touhou Project,116293
322,rank_300_500,3322803908,Above the Clouds - Hamlet in DST,116226
323,rank_300_500,385006082,DST Path Lights,116107
324,rank_300_500,2945533555,4/5/6格装备栏（适配[时崎狂三Tokisaki Kurumi]）,116101
325,rank_300_500,2823963520,Where you are?,115713
326,rank_300_500,2968760008,[ArkNights] Mudrock,115568
327,rank_300_500,364189966,Mitsuru Character [DST],115496
328,rank_300_500,1181077385,Riko,115245
329,rank_300_500,1595934840,Help Me Up!,114829
330,rank_300_500,354533909,Koalefants' Family DST,114790
331,rank_300_500,1992293314,[DST] Nightmare HUD,114315
332,rank_300_500,369083494,Stumps grow,113342
333,rank_300_500,1322590454,Furniture Megapack,112686
334,rank_300_500,541537428,Never Perish Icebox,112351
335,rank_300_500,620716967,Flandre Scarlet(Touhou),112282
336,rank_300_500,435350752,Deadpool,111629
337,rank_300_500,656256171,Slot Machine,111508
338,rank_300_500,729309574,IJN DD - Akatsuki,111101
339,rank_300_500,2572244884,41,110307
340,rank_300_500,1860955902,[DST]Global positioning system,110079
341,rank_300_500,2260439333,[DST]HD Item Icon - Shang,109947
342,rank_300_500,788825160,Change Characters,109821
343,rank_300_500,370287670,Polish Language Pack,109443
344,rank_300_500,2621090176,Wormholes and Sinkholes Icons For Server,109231
345,rank_300_500,1949285742,En Español 2020 Servidor,108323
346,rank_300_500,1899182767,[Onmyoji]Teruterubozu~The sunny fairy,108238
347,rank_300_500,2823458540,No Danger No Rich,107956
348,rank_300_500,596438350,Ride,107705
349,rank_300_500,1840284484,Achievements and Level System,107651
350,rank_300_500,366048578,"Devon, the Hunter",107420
351,rank_300_500,390684095,Captain Teemo,107282
352,rank_300_500,2431691504,Geometric Drop,106883
353,rank_300_500,704471544,Plague Doctor the Plague Doctor,106804
354,rank_300_500,786654500,Finder Mod (Server version and working),105950
355,rank_300_500,3415567277,Chinese Translation: Minimap HUD,105847
356,rank_300_500,1974725370,No Extinction,105788
357,rank_300_500,1981709850,Super AFK: Balatro,105561
358,rank_300_500,384396097,DST Spider Cage,105027
359,rank_300_500,2762415946,便携大箱子(Large Portable Case),104787
360,rank_300_500,2941527805,Chinese++ Pro,104667
361,rank_300_500,359821133,Haruz Character [DST],104574
362,rank_300_500,1085586145,Additional Item Package,104422
363,rank_300_500,666132449,齐天大圣 (wukong),104127
364,rank_300_500,2921270365,Quick Pick,104103
365,rank_300_500,1818386342,Tradução Português (BR) 100% Traduzido*,103931
366,rank_300_500,1084023218,DST Achievement V2,103691
367,rank_300_500,737932010,Damage Indicators,103376
368,rank_300_500,1049176456,The Scout,103073
369,rank_300_500,3491443180,人之律者~爱莉希雅~,102482
370,rank_300_500,1638724235,Sora,102442
371,rank_300_500,2075943614,Extra Equip Slots (Modified),101801
372,rank_300_500,418604101,Steampunk DST,101326
373,rank_300_500,2174620235,Poop Flingomatic,100881
374,rank_300_500,457266786,The Nightmare,100879
375,rank_300_500,2905450407,Extended Map Icons Continued,100210
376,rank_300_500,3066199391,Range Indicator,98971
377,rank_300_500,632082058,SmartCrockPot,98819
378,rank_300_500,812723897,Extended Map Icons地图显示更多资源图标,98287
379,rank_300_500,367593872,[Legacy/Old versions] No More Lag,97968
380,rank_300_500,3155177428,道诡异仙,97675
381,rank_300_500,3448135812,不文明的猪人台词 (已更新2.0+),97665
382,rank_300_500,829829879,Kagura,97012
383,rank_300_500,700056809,Kagerou Imaizumi | Touhou Project,96283
384,rank_300_500,1217385169,Reg,96007
385,rank_300_500,1918927570,Re-Gorge-itated,95991
386,rank_300_500,1845106626,Smarter Ice Flingomatic,95926
387,rank_300_500,881681992,Weston the Wandering Cactus (modded port),95657
388,rank_300_500,2334209327,Heap of Foods,95257
389,rank_300_500,1111658995,Show Bundle,94820
390,rank_300_500,366676924,DST Always On Tiki Torch,94467
391,rank_300_500,2488647076,强大的阿比盖尔,94319
392,rank_300_500,1337321458,Cluster Plant. Reborn!,94268
393,rank_300_500,2914336761,Circular Placement,94034
394,rank_300_500,1944492666,花样风滚草 Interesting Tumbleweed,93837
395,rank_300_500,700236083,Quick Actions,93725
396,rank_300_500,709981066,Tenshi Hinanawi | Touhou Project,93474
397,rank_300_500,3095005137,Frieren at the Funeral,93176
398,rank_300_500,915530274,2B,93044
399,rank_300_500,1837053004,Homura Akemi,92893
400,rank_300_500,441957490,Horo the Wise Wolf,92891
401,rank_300_500,2890376601,My Pets!,92503
402,rank_300_500,2158549297,快速采集。,92340
403,rank_300_500,503795626,Invincible Structures,92282
404,rank_300_500,3574405615,四格装备栏,92149
405,rank_300_500,3007113503,[arknights]Muelsyse/缪尔赛思[明日方舟],92030
406,rank_300_500,398858801,AFK Detection,91710
407,rank_300_500,399799824,Tamamo(Queen of Kitsunes!),91565
408,rank_300_500,700705423,Toyosatomimi no Miko | Touhou Project,91563
409,rank_300_500,2606274649,Qiqi,91061
410,rank_300_500,1788625832,DST Rabbit Cage,90968
411,rank_300_500,2671801578,Venti,90825
412,rank_300_500,2598087493,Show cooldown time,90570
413,rank_300_500,1322200744,Animal Tracker,90495
414,rank_300_500,1780226102,Island Adventures - DST Islands,90068
415,rank_300_500,556971187,Excalibur Prime : The First Prime,89830
416,rank_300_500,2115943953,Auto Stack Pro,89638
417,rank_300_500,2110246021,Don't Drop Anything,89366
418,rank_300_500,2289662010,Rail Cart,89151
419,rank_300_500,3371086303,Shiny Loot,89095
420,rank_300_500,1757943227,Seele Vollerei,88888
421,rank_300_500,596633787,Display food values,88436
422,rank_300_500,456028339,Craftable Living Logs,88297
423,rank_300_500,3004121634,😶‍🌫️作祟篝火复活 Campfire Respawn,87638
424,rank_300_500,858801295,Ice Maker 3000,87558
425,rank_300_500,514078314,Turfed!,86886
426,rank_300_500,1594846041,[DST] 行为排队论,86585
427,rank_300_500,1416705263,Tradução Don't Starve Together PT-BR,85881
428,rank_300_500,2166704267,45 Inventory Slots (Repaired),85624
429,rank_300_500,2797919119,Zhongli,85332
430,rank_300_500,751626040,Rem,85086
431,rank_300_500,2950481491,Extra Equip Slots+1/2/3 (Tell me what you want),85078
432,rank_300_500,723721217,IJN DD - Inazuma,84852
433,rank_300_500,1896968971,Combined Status (modified) server version,84722
434,rank_300_500,2336105249,Crockpot Repeater,84583
435,rank_300_500,2336991112,Calliope Mori,84360
436,rank_300_500,431003525,Saber Lion! (King of Savannah!),84160
437,rank_300_500,2097358269,Smart Chest,84060
438,rank_300_500,1894295075,Boss Announcement,84052
439,rank_300_500,2800798035,高效的砍树&采矿 - multiple drops,83786
440,rank_300_500,503187227,Advanced World Generation,83753
441,rank_300_500,358015908,Tungsten Mod,83552
442,rank_300_500,438211232,Asuna,83324
443,rank_300_500,463621557,999 Item Stack叠加数量999,83271
444,rank_300_500,1309401477,auto_open_gift(自动挂机开礼物),82716
445,rank_300_500,3289112324,Super Stack Size,82647
446,rank_300_500,502031011,Black☆Rock Shooter,82637
447,rank_300_500,912647660,Miami Rick (2020),82498
448,rank_300_500,2010472942,Reign of Runts,82046
449,rank_300_500,2263010171,鹰眼全图,81930
450,rank_300_500,588560555,Auto Tooth Trap Reset,81898
451,rank_300_500,363819976,[DST] Gir,81870
452,rank_300_500,922251350,Auto Stack Mod,81846
453,rank_300_500,1535658505,Gorge Lights,81651
454,rank_300_500,436897772,<default>'s item pack (DST),81604
455,rank_300_500,2640883624,自动分解重复皮肤(优化版),81470
456,rank_300_500,727325644,IJN DD - Ikazuchi,81156
457,rank_300_500,972148976,newicebox,80685
458,rank_300_500,2111490085,Keeth Client,80469
459,rank_300_500,509723993,Wall Health Regen,80366
460,rank_300_500,1819567085,DST 四格装备栏,80352
461,rank_300_500,430224994,Gollum DST,80290
462,rank_300_500,2008539383,Rengoku Kyojurou,79918
463,rank_300_500,2250176974,[DST] Roseate HUD,79674
464,rank_300_500,1212056085,Too Many Items 更新汉化,79629
465,rank_300_500,3062833647,异世界旅行手账(原武器成长) --Travel Diary of Another World,79501
466,rank_300_500,800210142,Beefalo information,79389
467,rank_300_500,2601796546,Asakiri the Cyborg,79300
468,rank_300_500,514758022,World Regrowth - Renewable World,79266
469,rank_300_500,1365023186,Urara,79229
470,rank_300_500,743876370,Inori,79171
471,rank_300_500,899583698,[DST]Totooria Helmold,79071
472,rank_300_500,2043109179,Abigail Keybinds,78717
473,rank_300_500,2963208488,Konnie-可妮,78703
474,rank_300_500,416991215,Dusk and Night Music DST,78598
475,rank_300_500,485291255,Law,77837
476,rank_300_500,2229630615,New Boat Shapes,77780
477,rank_300_500,2410382718,Ninomae Ina'nis,77733
478,rank_300_500,921807272,妖刀红樱RedSakura,77674
479,rank_300_500,1853828038,Insanity Begone,77386
480,rank_300_500,454781545,Sanji,77331
481,rank_300_500,3255665500,Better Beefalo ！,77276
482,rank_300_500,544637010,Archer(Fate/Stay Night),76991
483,rank_300_500,829064383,More players!,76838
484,rank_300_500,3273001012,,76823
485,rank_300_500,2774093373,Modify Items Stack,76638
486,rank_300_500,2906717350,45 Inventory Slots [EquipSlot UI expand],76438
487,rank_300_500,842702425,Minimap HUD Customizable [Client],76295
488,rank_300_500,2595875363,FR Translation Mod (French) - Don't Starve Together,76016
489,rank_300_500,3361615927,田园物语-花卉篇（来种花吧）,75859
490,rank_300_500,363989569,Growable Marble Trees,75830
491,rank_300_500,395420686,"Charlie, the playable character mod",75800
492,rank_300_500,472803272,Plutia[Neptunia][],75664
493,rank_300_500,3561785531,全局事件计时器(Global Events Timer),75377
494,rank_300_500,1458450094,Auto Trap Reset,75367
495,rank_300_500,581762517,Wind_swordman(Yasuo),75240
496,rank_300_500,898070061,Campfire Respawn [LEFT DST MODDING!],74928
497,rank_300_500,613786237,Frisk(Revamped),74910
498,rank_300_500,710150780,"Miniature Dwellings by Silentine, now in DST!",74709
499,rank_300_500,707433703,Nue Houjuu | Touhou Project,74600
500,rank_300_500,399803164,Tohsaka Rin(Fate/Stay Night),74590
